Real Estate Agencies_name,email,first_name,industry,Real Estate Agencies_offering,personalization_detail,personalization_reason,personalized_opening,subject_line,email_body,research_sources,research_confidence,personalization_status,send_status,date_sent,country,has_whatsapp_Real Estate Agencies,whatsapp_check_sources,has_Real Estate Agencies_website,website_url,website_quality,has_automation,automation_details,enquiry_volume_signal,best_offer,offer_reason
CENTURY 21 Black,black@century21.bo,Paolo,Real Estate Agency,Property sales and rentals in Santa Cruz,"The official CENTURY 21 Bolivia page lists CENTURY 21 Black in Santa Cruz, with Paolo Packo as manager and a multi-agent team.","The agency has a public office page, multiple listed agents, and customer-facing property enquiries, while no chatbot or booking flow is shown on the checked page.","I noticed that CENTURY 21 Black is listed in Santa Cruz on the official CENTURY 21 Bolivia directory, with Paolo Packo as manager and a broad team of local property advisers.",An AI Readiness Snapshot for CENTURY 21 Black,"Hi Paolo,

I noticed that CENTURY 21 Black is listed in Santa Cruz on the official CENTURY 21 Bolivia directory, with you shown as manager and a broad team of local property advisers.

I would love to offer you a free AI Readiness Snapshot from LAI Developer. The Snapshot is designed to show where your agency may be missing customer enquiries or spending extra time on tasks that AI agents and automation can handle instead.

Alongside the Snapshot, we also help real estate agencies with WhatsApp AI agents, customer support chatbots, Instagram and Facebook DM automation, appointment booking automation, lead follow-up systems, and full workflow automation.

Because CENTURY 21 Black presents several advisers for property enquiries, a website AI chatbot could help answer common questions, collect buyer or seller requirements, and route qualified enquiries to the right adviser. The checked agency page does not show an automated enquiry or booking flow, so this is the option I believe is most worth reviewing. It would support your team without changing how advisers handle conversations.

Would you be interested in hearing more about the Snapshot and this option for CENTURY 21 Black?

Warm regards,
L AI Developer
LAI Developer",https://c21.com.bo/inmobiliaria/45-century-21-black-sur-santa-cruz-bolivia; https://c21.com.bo/; https://c21.com.bo/directorio,High,Ready,,,Bolivia,Unclear,Official agency page and directory checked; no public WhatsApp link was shown on the checked agency page.,Yes,https://c21.com.bo/,"Working official franchise agency page with address, phone, email, hours, manager, and agent listings.",No,"No AI chatbot, automated messaging flow, or booking system was shown on the checked agency page.",High,AI Customer-Support Chatbot,The agency has a multi-agent enquiry structure and no visible automated website enquiry handling on the checked official page.
CENTURY 21 Lumen,lumen@century21.bo,Juan Alberto,Real Estate Agency,Property sales and rentals in Santa Cruz,"The official page lists CENTURY 21 Lumen in Equipetrol, Santa Cruz, with Juan Alberto Rojas Rojas as manager and numerous advisers.","The page shows a sizable adviser network and property enquiry activity, but no visible chatbot, automated messaging, or booking flow.","CENTURY 21 Lumen is presented on the official CENTURY 21 Bolivia site in Equipetrol, Santa Cruz, with Juan Alberto Rojas Rojas as manager and a sizeable adviser network.",A quick idea for CENTURY 21 Lumen's customer enquiries,"Hi Juan Alberto,

CENTURY 21 Lumen is presented on the official CENTURY 21 Bolivia site in Equipetrol, Santa Cruz, with you shown as manager and a sizeable adviser network supporting property enquiries.

I would love to offer you a free AI Readiness Snapshot from LAI Developer. The Snapshot is designed to show where your agency may be missing customer enquiries or spending extra time on tasks that AI agents and automation can handle instead.

Alongside the Snapshot, we also help real estate agencies with WhatsApp AI agents, customer support chatbots, Instagram and Facebook DM automation, appointment booking automation, lead follow-up systems, and full workflow automation.

With several advisers and public property enquiries, a lead follow-up automation review may be useful for CENTURY 21 Lumen. A simple system can help organise new enquiries, identify what each prospect is looking for, and remind the right adviser when a response is due. The checked page does not show an automated follow-up or booking process, so this would be a focused area for the Snapshot to assess.

Would you be interested in hearing more about the Snapshot and the option I believe would suit CENTURY 21 Lumen best?

Warm regards,
L AI Developer
LAI Developer",https://c21.com.bo/en_us/inmobiliaria/89-century-21-lumen-equipetrol-santa-cruz-bolivia; https://c21.com.bo/; https://c21.com.bo/directorio,High,Ready,,,Bolivia,Unclear,Official agency page and directory checked; no public WhatsApp link was shown on the checked agency page.,Yes,https://c21.com.bo/,"Working official franchise agency page with location, email, hours, manager, and multiple agent profiles.",No,"No AI chatbot, automated messaging flow, or booking system was shown on the checked agency page.",High,Lead Follow-Up Automation,"The agency displays a sizeable adviser network and customer-facing property activity, with no visible automated follow-up process."
CENTURY 21 Deluxe,deluxe@century21.bo,Gabriela,Real Estate Agency,Commercial and residential property services in Santa Cruz,"The official page lists CENTURY 21 Deluxe in Equipetrol, Santa Cruz, identifies Gabriela Rodriguez Roca as manager, and shows many advisers.","The agency has a visible team and commercial designation, while no automated enquiry or booking flow is shown on the checked page.","The official CENTURY 21 Bolivia page presents CENTURY 21 Deluxe in Equipetrol as a commercial agency, with Gabriela Rodriguez Roca as manager and a large adviser roster.",Helping CENTURY 21 Deluxe respond faster with AI,"Hi Gabriela,

The official CENTURY 21 Bolivia page presents CENTURY 21 Deluxe in Equipetrol as a commercial agency, with you shown as manager and a large adviser roster serving property enquiries.

I would love to offer you a free AI Readiness Snapshot from LAI Developer. The Snapshot is designed to show where your agency may be missing customer enquiries or spending extra time on tasks that AI agents and automation can handle instead.

Alongside the Snapshot, we also help real estate agencies with WhatsApp AI agents, customer support chatbots, Instagram and Facebook DM automation, appointment booking automation, lead follow-up systems, and full workflow automation.

For a commercial-focused team with many advisers, a multichannel AI agent could provide a consistent first response across the website and social channels, gather property requirements, and pass the conversation to the appropriate adviser. The checked page does not show an automated enquiry or booking flow. This would be an optional area to review, not a replacement for your existing team.

Would you be interested in hearing more about the Snapshot and the option I believe would suit CENTURY 21 Deluxe best?

Warm regards,
L AI Developer
LAI Developer",https://c21.com.bo/en_us/inmobiliaria/10-century-21-deluxe-equipetrol-santa-cruz-bolivia; https://c21.com.bo/; https://c21.com.bo/directorio,High,Ready,,,Bolivia,Unclear,Official agency page and directory checked; no public WhatsApp link was shown on the checked agency page.,Yes,https://c21.com.bo/,"Working official franchise agency page with commercial designation, hours, manager, email, and extensive agent listings.",No,"No AI chatbot, automated messaging flow, or booking system was shown on the checked agency page.",High,Multichannel AI Agent,"The agency operates with a large adviser roster and customer-facing channels, but no visible automation was found on the checked official page."
CENTURY 21 Max,max@century21.bo,Jhanna,Real Estate Agency,Property services in Cochabamba,"The official page lists CENTURY 21 Max in northern Cochabamba, with Jhanna Carolina Coll Becerra as manager and six named advisers.","The agency has several advisers and a public contact page, but no visible chatbot, automated enquiry handling, or booking system.","CENTURY 21 Max is listed on the official CENTURY 21 Bolivia site in northern Cochabamba, with Jhanna Carolina Coll Becerra as manager and a six-person adviser team.",An AI Readiness Snapshot for CENTURY 21 Max,"Hi Jhanna,

CENTURY 21 Max is listed on the official CENTURY 21 Bolivia site in northern Cochabamba, with you shown as manager and a six-person adviser team handling property enquiries.

I would love to offer you a free AI Readiness Snapshot from LAI Developer. The Snapshot is designed to show where your agency may be missing customer enquiries or spending extra time on tasks that AI agents and automation can handle instead.

Alongside the Snapshot, we also help real estate agencies with WhatsApp AI agents, customer support chatbots, Instagram and Facebook DM automation, appointment booking automation, lead follow-up systems, and full workflow automation.

A website AI chatbot could give visitors an immediate way to ask about availability, property type, location, or next steps before routing the enquiry to your team. The checked official page does not show an automated enquiry or booking flow, so this is a specific gap the Snapshot could assess for CENTURY 21 Max. The service would remain separate from the free Snapshot and entirely optional.

Would you be interested in hearing more about the Snapshot and the option I believe would suit CENTURY 21 Max best?

Warm regards,
L AI Developer
LAI Developer",https://c21.com.bo/inmobiliaria/104-century-21-max-norte-cochabamba-bolivia; https://c21.com.bo/; https://c21.com.bo/directorio,High,Ready,,,Bolivia,Unclear,Official agency page and directory checked; no public WhatsApp link was shown on the checked agency page.,Yes,https://c21.com.bo/,"Working official franchise agency page with location, hours, manager, email, and adviser profiles.",No,"No AI chatbot, automated messaging flow, or booking system was shown on the checked agency page.",Medium,Website AI Chatbot,The agency has an official enquiry page and adviser team but no visible automated website enquiry handling.
CENTURY 21 Potenza,luis.soria@century21.bo,Luis,Real Estate Agency,"Property services in Equipetrol, Santa Cruz","The official page lists CENTURY 21 Potenza at Edificio Empresarial Sobode in Equipetrol, Santa Cruz, with Luis Soria as the public email contact.","The agency has a public official page and direct contact channel, but no automated enquiry or booking flow is shown on the checked page.","CENTURY 21 Potenza is listed at Edificio Empresarial Sobode in Equipetrol, Santa Cruz, and the official page provides a direct contact for Luis Soria.",A quick idea for CENTURY 21 Potenza's customer enquiries,"Hi Luis,

CENTURY 21 Potenza is listed on the official CENTURY 21 Bolivia site at Edificio Empresarial Sobode in Equipetrol, Santa Cruz, and the agency page provides your direct contact for enquiries.

I would love to offer you a free AI Readiness Snapshot from LAI Developer. The Snapshot is designed to show where your agency may be missing customer enquiries or spending extra time on tasks that AI agents and automation can handle instead.

Alongside the Snapshot, we also help real estate agencies with WhatsApp AI agents, customer support chatbots, Instagram and Facebook DM automation, appointment booking automation, lead follow-up systems, and full workflow automation.

Because property enquiries often arrive with different requirements, a customer-support chatbot could handle common questions about listings, locations, and viewing requests before passing the conversation to you or another adviser. The checked official page does not show chatbot or booking automation. This would be a focused option to evaluate through the Snapshot, with any implementation remaining optional.

Would you be interested in hearing more about the Snapshot and the option I believe would suit CENTURY 21 Potenza best?

Warm regards,
L AI Developer
LAI Developer",https://c21.com.bo/inmobiliaria/41-century-21-potenza-equipetrol-santa-cruz-bolivia; https://c21.com.bo/; https://c21.com.bo/directorio,High,Ready,,,Bolivia,Unclear,Official agency page and directory checked; no public WhatsApp link was shown on the checked agency page.,Yes,https://c21.com.bo/,"Working official franchise agency page with office location, direct email, phone, and operating details.",No,"No AI chatbot, automated messaging flow, or booking system was shown on the checked agency page.",Medium,AI Customer-Support Chatbot,The agency has a direct public contact channel but no visible automated handling for recurring property questions.
CENTURY 21 Realtor,realtor@century21.bo,,Real Estate Agency,"Property sales and rentals in Achumani, La Paz","The official page lists CENTURY 21 Realtor in Achumani, La Paz, with a public agency email and customer-facing property services.","A public contact channel is available, but no visible chatbot, automated messaging, or booking system is shown on the checked official page.","CENTURY 21 Realtor is listed in Achumani, La Paz, on the official CENTURY 21 Bolivia site, with a public agency email for property enquiries.",An AI Readiness Snapshot for CENTURY 21 Realtor,"Hi there,

CENTURY 21 Realtor is listed in Achumani, La Paz, on the official CENTURY 21 Bolivia site, with a public agency email and a customer-facing office for property enquiries.

I would love to offer you a free AI Readiness Snapshot from LAI Developer. The Snapshot is designed to show where your agency may be missing customer enquiries or spending extra time on tasks that AI agents and automation can handle instead.

Alongside the Snapshot, we also help real estate agencies with WhatsApp AI agents, customer support chatbots, Instagram and Facebook DM automation, appointment booking automation, lead follow-up systems, and full workflow automation.

A website AI chatbot could help visitors ask initial questions about homes, rentals, locations, or viewing requests and then send the useful details to your team. The checked official agency page does not show an automated enquiry or booking flow, so this is a practical gap for the Snapshot to review. Any chatbot or automation work would be optional and separate from the free assessment.

Would you be interested in hearing more about the Snapshot and the option I believe would suit CENTURY 21 Realtor best?

Warm regards,
L AI Developer
LAI Developer",https://c21.com.bo/inmobiliaria/58-century-21-realtor-achumani-la-paz-bolivia; https://c21.com.bo/; https://c21.com.bo/directorio,High,Ready,,,Bolivia,Unclear,Official agency page and directory checked; no public WhatsApp link was shown on the checked agency page.,Yes,https://c21.com.bo/,"Working official franchise agency page with address, phone, email, and property-service description.",No,"No AI chatbot, automated messaging flow, or booking system was shown on the checked agency page.",Medium,Website AI Chatbot,The agency has a public website contact route but no visible automated enquiry handling.
CENTURY 21 Hábitat,habitat@century21.bo,Luis,Real Estate Agency,"Property services in Sucre, Chuquisaca","The official page lists CENTURY 21 Hábitat in Sucre, Chuquisaca, with a public agency email and a named local adviser team.","The official agency listing presents customer-facing property services but no visible automated enquiry, messaging, or booking flow.","CENTURY 21 Hábitat is listed in Sucre, Chuquisaca, on the official CENTURY 21 Bolivia site with a dedicated agency email and local adviser profiles.",A quick idea for CENTURY 21 Hábitat's customer enquiries,"Hi Luis,

CENTURY 21 Hábitat is listed in Sucre, Chuquisaca, on the official CENTURY 21 Bolivia site with a dedicated agency email and local adviser profiles for property enquiries.

I would love to offer you a free AI Readiness Snapshot from LAI Developer. The Snapshot is designed to show where your agency may be missing customer enquiries or spending extra time on tasks that AI agents and automation can handle instead.

Alongside the Snapshot, we also help real estate agencies with WhatsApp AI agents, customer support chatbots, Instagram and Facebook DM automation, appointment booking automation, lead follow-up systems, and full workflow automation.

An AI appointment and booking assistant could help organise viewing requests and collect basic property requirements before an adviser follows up. The checked official page does not show a visible online booking system or automated enquiry flow, so this would be a clear area for the Snapshot to evaluate. The booking option is separate from the free Snapshot and would only be considered if it fits your process.

Would you be interested in hearing more about the Snapshot and the option I believe would suit CENTURY 21 Hábitat best?

Warm regards,
L AI Developer
LAI Developer",https://c21.com.bo/en_us/inmobiliaria/87-century-21-habitat-sucre-chuquisaca-bolivia; https://c21.com.bo/; https://c21.com.bo/directorio,High,Ready,,,Bolivia,Unclear,Official agency page and directory checked; no public WhatsApp link was shown on the checked agency page.,Yes,https://c21.com.bo/,"Working official franchise agency page with agency email, phone, location, and adviser profiles.",No,"No AI chatbot, automated messaging flow, or booking system was shown on the checked agency page.",Medium,AI Appointment and Booking Automation,The official agency page shows customer-facing property services but no visible online booking system.
Agente Inmobiliario - Rolando Moro,info@agenteinmobiliario.com.bo,Rolando,Real Estate Agency,"Buying, selling, and investment advice in Santa Cruz","The agency contact page identifies Rolando Moro, an agent associated with RE/MAX Fortaleza, and provides a Santa Cruz office address and public email.","The official site has enquiry content and contact details but no visible chatbot, automated messaging, or booking system in the checked pages.",Agente Inmobiliario's contact page identifies Rolando Moro as an agent associated with RE/MAX Fortaleza and provides a Santa Cruz office address for property advice.,An AI Readiness Snapshot for Agente Inmobiliario,"Hi Rolando,

Your contact page explains that you help buyers, investors, sellers, and landlords with real estate advice in Santa Cruz, and it provides a public office address on Avenida Beni.

I would love to offer you a free AI Readiness Snapshot from LAI Developer. The Snapshot is designed to show where your agency may be missing customer enquiries or spending extra time on tasks that AI agents and automation can handle instead.

Alongside the Snapshot, we also help real estate agencies with WhatsApp AI agents, customer support chatbots, Instagram and Facebook DM automation, appointment booking automation, lead follow-up systems, and full workflow automation.

Since your site speaks to several types of property enquiries, a website AI chatbot could help visitors explain whether they want to buy, sell, rent, or invest before you respond personally. The checked contact pages show enquiry information and a contact route, but no visible automated qualification or booking flow. This is the specific area I would suggest reviewing in the Snapshot.

Would you be interested in hearing more about the Snapshot and the option I believe would suit Agente Inmobiliario best?

Warm regards,
L AI Developer
LAI Developer",https://agenteinmobiliario.com.bo/contacto/; https://agenteinmobiliario.com.bo/; https://www.facebook.com/,High,Ready,,,Bolivia,Unclear,Official website checked; no WhatsApp link was shown on the checked contact page. Facebook presence was checked through the public social link.,Yes,https://agenteinmobiliario.com.bo/,"Working professional site with contact page, office location, service explanation, phone, and public email.",No,"No AI chatbot, automated messaging flow, or booking system was shown on the checked site pages.",Medium,Website AI Chatbot,The site addresses multiple enquiry types but does not visibly automate qualification or booking.
RESIDENCIAS Bienes Raíces,info@residencias.com.bo,,Real Estate Agency,Property sales and real estate services in Santa Cruz de la Sierra,"The official site provides a Santa Cruz office address, phone, WhatsApp number, public email, and property-service information.",The agency has a visible WhatsApp contact but no automated WhatsApp or website chatbot was identified on the checked site.,"RESIDENCIAS Bienes Raíces publishes a Santa Cruz office address, WhatsApp contact, and email on its official site, making its customer enquiry channels easy to find.",A quick idea for RESIDENCIAS Bienes Raíces' customer enquiries,"Hi there,

RESIDENCIAS Bienes Raíces publishes a Santa Cruz office address, WhatsApp contact, and email on its official site, making its customer enquiry channels easy for property prospects to find.

I would love to offer you a free AI Readiness Snapshot from LAI Developer. The Snapshot is designed to show where your agency may be missing customer enquiries or spending extra time on tasks that AI agents and automation can handle instead.

Alongside the Snapshot, we also help real estate agencies with WhatsApp AI agents, customer support chatbots, Instagram and Facebook DM automation, appointment booking automation, lead follow-up systems, and full workflow automation.

Because WhatsApp is already a visible contact route, WhatsApp automation could help acknowledge enquiries, collect the property type and location a prospect needs, and pass the conversation to your team. The checked site shows WhatsApp contact details but no clear automated WhatsApp flow or website chatbot. This is the specific gap I would suggest assessing first, with implementation remaining optional.

Would you be interested in hearing more about the Snapshot and the option I believe would suit RESIDENCIAS Bienes Raíces best?

Warm regards,
L AI Developer
LAI Developer",https://www.residencias.com.bo/; https://www.residencias.com.bo/contacto/,High,Ready,,,Bolivia,Yes,Official website checked; WhatsApp number +591 763-70880 is displayed on https://www.residencias.com.bo/.,Yes,https://www.residencias.com.bo/,"Working official site with office address, phone, WhatsApp contact, email, and property information.",No,"No AI chatbot, automated WhatsApp flow, or booking system was identified on the checked site.",High,WhatsApp Automation,"A public WhatsApp channel is already present, while no automated WhatsApp handling was identified."
TOP House Bolivia,boliviatophouse@gmail.com,Gary,Real Estate Agency,"Buying, selling, and investment in agricultural, residential, commercial, and urban properties",A public LinkedIn profile for Gary Heredia describes TOP House Bolivia's property categories and publishes the agency email and website.,"The agency presents a broad property portfolio and active public listings, but no visible automated enquiry or booking flow was found in the checked public profile.","TOP House Bolivia publicly describes services across agricultural land, homes, buildings, industrial properties, commercial spaces, and urban or rural plots.",An AI Readiness Snapshot for TOP House Bolivia,"Hi Gary,

TOP House Bolivia publicly describes services across agricultural land, homes, buildings, industrial properties, commercial spaces, and urban or rural plots, with your profile publishing a direct agency email and website.

I would love to offer you a free AI Readiness Snapshot from LAI Developer. The Snapshot is designed to show where your agency may be missing customer enquiries or spending extra time on tasks that AI agents and automation can handle instead.

Alongside the Snapshot, we also help real estate agencies with WhatsApp AI agents, customer support chatbots, Instagram and Facebook DM automation, appointment booking automation, lead follow-up systems, and full workflow automation.

With such a broad range of property enquiries, a lead qualification assistant could collect the visitor's preferred property category, location, budget, and intended use before sending a structured enquiry to you. The checked public profile does not show an automated qualification or booking process. That makes lead qualification automation a focused option for the Snapshot to review, while keeping personal adviser conversations in place.

Would you be interested in hearing more about the Snapshot and the option I believe would suit TOP House Bolivia best?

Warm regards,
L AI Developer
LAI Developer",https://www.linkedin.com/in/gary-heredia-top-house-inmobiliaria-72268a231; https://www.tophousebolivia.com/,High,Ready,,,Bolivia,Unclear,LinkedIn and website presence were checked; no verifiable WhatsApp link was found in the checked sources.,Yes,https://www.tophousebolivia.com/,"Website is publicly referenced by the agency profile; page content was not fully available in the checked source, so quality is treated cautiously.",Unclear,No automation could be verified from the checked public sources.,High,AI Lead-Generation Chatbot,"The agency publishes a broad portfolio and active public property content, but automation status could not be confirmed."
Inmobiliaria Bolivia,,,Real Estate Agency,"Buying, selling, renting, and anticretico property services in La Paz","The official website describes services for buying, selling, renting, and anticretico properties in La Paz, but no complete public email was visible in the checked source.","The agency is relevant and operating, but it is excluded from the qualified email-first list because a complete attributable public email was not verified.","The official website describes Inmobiliaria Bolivia as a La Paz property service focused on buying, selling, renting, and anticretico transactions, although a public email was not visible in the checked source.",,,https://inmobiliariabolivia.com/,Medium,Excluded,,,Bolivia,Unclear,Official website checked; no public WhatsApp link verified.,Yes,https://inmobiliariabolivia.com/,"Working website with service description, but public email was not visible in the checked source.",Unclear,Automation status could not be verified from the checked source.,Medium,,Excluded because the required complete public email address was not verified.